create database hustoj;
use hustoj;

create table if not exists authority
(
    id   bigint      not null
    primary key,
    name varchar(50) not null
    );
INSERT INTO authority (id, name) VALUES (1, 'ROLE_USER');
INSERT INTO authority (id, name) VALUES (2, 'ROLE_ADMIN');
INSERT INTO authority (id, name) VALUES (3, 'ROLE_SUPER_ADMIN');

create table user
(
    id                       bigint  not null
        primary key,
    created_at               datetime(6)  null,
    updated_at               datetime(6)  null,
    ac_count                 bigint       null,
    ac_rate                  double       null,
    email                    varchar(50)  not null,
    enabled                  bit          not null,
    firstname                varchar(50)  null,
    lastname                 varchar(50)  null,
    name                     varchar(50)  not null,
    password                 varchar(100) not null,
    submit_count             bigint       null,
    username                 varchar(50)  null,
    last_password_reset_date datetime(6)  not null,
    constraint UK_ob8kqyqqgmefl0aco34akdtpe
        unique (email),
    constraint UK_sb8bbouer5wak8vyiiy4pf2bx
        unique (username)
);
INSERT INTO user (id,created_at, updated_at, ac_count, ac_rate, email, enabled, firstname, lastname, name, password, submit_count, username, last_password_reset_date)
VALUES ( 1,'2023-11-10 15:00:33.926486', '2023-11-10 15:00:33.926486', 0, 0, 'luonglamhoang2000@gmail.com', true, 'Hoang', 'Lam', 'Hoang Lam', '$2a$10$tPW8MzxVeso4K3ppE9546.NS7LTAW1VtEKS4T9Q3Qk1eHp6Qs6g4u', 0, 'root', '2023-11-13 00:00:00.000000');
INSERT INTO user (id,created_at, updated_at, ac_count, ac_rate, email, enabled, firstname, lastname, name, password, submit_count, username, last_password_reset_date)
VALUES ( 2,'2023-11-13 16:05:43.930083', '2023-11-13 16:05:43.930083', 0, 0, '821zziah@gmail.com', true, 'Walter', 'White', 'Walter White', '$2a$10$XOKPP3sVE/VmUmjM7SjKp.u7MG5ork1ff9YevXZX8CmNtsKqBCRee', 0, 'lamgnoah', '2023-11-13 16:05:43.817000');
INSERT INTO user (id,created_at, updated_at, ac_count, ac_rate, email, enabled, firstname, lastname, name, password, submit_count, username, last_password_reset_date)
VALUES (3,'2023-11-13 16:13:02.689830', '2023-11-13 16:13:02.689830', 0, 0, 'user1.oj@gmail.com', true, 'Nguyen Van', 'A', 'Nguyen Van A', '$2a$10$zqhuZ5WpyEGarJVyzwQVju.VSHH8.pEB6Gk6mzh/tHPnVlGLJkWSW', 0, 'user1', '2023-11-13 16:13:02.600000');

create table user_authority
(
    user_id      bigint not null,
    authority_id bigint not null,
    constraint FKgvxjs381k6f48d5d2yi11uh89
        foreign key (authority_id) references authority (id),
    constraint FKpqlsjpkybgos9w2svcri7j8xy
        foreign key (user_id) references user (id)
);

INSERT INTO hustoj.user_authority (user_id, authority_id) VALUES (1, 3);
INSERT INTO hustoj.user_authority (user_id, authority_id) VALUES (2, 2);
INSERT INTO hustoj.user_authority (user_id, authority_id) VALUES (3, 1);


create table problem
(
    id                 bigint auto_increment
        primary key,
    created_at         datetime(6)                    null,
    updated_at         datetime(6)                    null,
    accept_count       int                            null,
    accept_rate        double                         null,
    description        varchar(255)                   null,
    difficulty         enum ('HIGH', 'LOW', 'MEDIUM') null,
    hint               varchar(255)                   null,
    input_description  varchar(255)                   null,
    output_description varchar(255)                   null,
    points             int                            null,
    problem_code       varchar(255)                   null,
    ram_limit          int                            null,
    sampleio           varchar(255)                   null,
    special_judged     bit                            null,
    submit_count       int                            null,
    time_limit         int                            null,
    title              varchar(255)                   null,
    visible            bit                            null,
    author_id          bigint                         null,
    create_in_contest  bit                            null,
    test_case_score    varchar(4000)                  null,
    total_score        int                            null,
    test_case_id       varchar(255)                   null,
    rule_type          enum ('ACM', 'OI')             null,
    constraint FK8d8a6n8oi9qjsb6m930msmo8v
        foreign key (author_id) references user (id)
);

create index UK_kpj6s1hrhhdneorsopcb9mgwr
    on problem (problem_code);

INSERT INTO hustoj.problem (id, created_at, updated_at, accept_count, accept_rate, description, difficulty, hint, input_description, output_description, points, problem_code, ram_limit, sampleio, special_judged, submit_count, time_limit, title, visible, author_id, create_in_contest, test_case_score, total_score, test_case_id, rule_type) VALUES (1, '2023-12-01 18:12:34.986828', '2023-12-20 15:25:40.890763', 5, 0.625, '<p>Hãy tính tổng của hai số nguyên và in kết quả. Hãy cẩn thận để không có output không cần thiết, chẳng hạn như "Vui lòng nhập giá trị của a và b: ",<br></p>', 'LOW', '', '<p><span style="color: rgb(200, 195, 188);">Hai số nguyên cách nhau bởi dấu cách</span><br></p>', '<p>Tổng của 2 số</p>', null, 'HUST01', 256, '[{"input":"1 1","output":"2"},{"input":"2 3 ","output":"5"}]', false, 8, 1000, 'Simple A+B Problem', true, 1, false, '[{"input_name":"1.in","input_size":3,"output_name":"1.out","output_size":1,"score":"33","stripped_output_md5":"eccbc87e4b5ce2fe28308fd9f2a7baf3"},{"input_name":"2.in","input_size":3,"output_name":"2.out","output_size":1,"score":"33","stripped_output_md5":"e4da3b7fbbce2345d7772b0674a318d5"},{"input_name":"3.in","input_size":3,"output_name":"3.out","output_size":1,"score":"33","stripped_output_md5":"8f14e45fceea167a5a36dedd4bea2543"}]', 0, '98091d45-dda1-4409-a684-5bdef4bcdc79', 'ACM');
INSERT INTO hustoj.problem (id, created_at, updated_at, accept_count, accept_rate, description, difficulty, hint, input_description, output_description, points, problem_code, ram_limit, sampleio, special_judged, submit_count, time_limit, title, visible, author_id, create_in_contest, test_case_score, total_score, test_case_id, rule_type) VALUES (2, '2023-12-02 18:33:59.417897', '2023-12-02 18:34:12.891049', 0, 0, '<p>test<br><br></p>', 'LOW', '', '<p>test</p>', '<p>test</p>', null, 'HUST02', 256, '[{"input":"1 1","output":"2"}]', false, 0, 1000, 'test', true, 1, false, '[{"input_name":"1.in","input_size":13,"output_name":"1.out","output_size":5,"score":"33","stripped_output_md5":"ccfcd347d0bf65dc77afe01a3306a96b"},{"input_name":"2.in","input_size":3,"output_name":"2.out","output_size":1,"score":"33","stripped_output_md5":"e4da3b7fbbce2345d7772b0674a318d5"},{"input_name":"3.in","input_size":3,"output_name":"3.out","output_size":1,"score":"33","stripped_output_md5":"8f14e45fceea167a5a36dedd4bea2543"}]', 0, '715e8efb-8603-4f58-bc34-4df9b992758c', 'ACM');
INSERT INTO hustoj.problem (id, created_at, updated_at, accept_count, accept_rate, description, difficulty, hint, input_description, output_description, points, problem_code, ram_limit, sampleio, special_judged, submit_count, time_limit, title, visible, author_id, create_in_contest, test_case_score, total_score, test_case_id, rule_type) VALUES (6, '2023-12-02 18:46:46.165517', '2023-12-05 15:10:54.063220', 0, 0, '<p>Tính tổng 2 số nguyên bất kì<br></p>', 'LOW', '', '<p>2 số nguyên bất kì<br></p>', '<p>Tổng 2 số nguyên bất kì<br></p>', null, 'HC1', 256, '[{"input":"1 1","output":"2"},{"input":"12 23","output":"35"}]', false, 0, 1000, 'Tính tổng 2 số nguyên bất kì ', true, 1, true, '[{"input_name":"1.in","input_size":13,"output_name":"1.out","output_size":5,"score":"33","stripped_output_md5":"ccfcd347d0bf65dc77afe01a3306a96b"},{"input_name":"2.in","input_size":3,"output_name":"2.out","output_size":1,"score":"33","stripped_output_md5":"e4da3b7fbbce2345d7772b0674a318d5"},{"input_name":"3.in","input_size":3,"output_name":"3.out","output_size":1,"score":"33","stripped_output_md5":"8f14e45fceea167a5a36dedd4bea2543"}]', 0, '715e8efb-8603-4f58-bc34-4df9b992758c', 'ACM');
INSERT INTO hustoj.problem (id, created_at, updated_at, accept_count, accept_rate, description, difficulty, hint, input_description, output_description, points, problem_code, ram_limit, sampleio, special_judged, submit_count, time_limit, title, visible, author_id, create_in_contest, test_case_score, total_score, test_case_id, rule_type) VALUES (7, '2023-12-09 18:44:28.315902', '2023-12-09 18:48:46.857672', 0, 0, '<p>test</p>', 'LOW', '', '<p>test</p>', '<p>test</p>', null, 'STR01', 256, '[{"input":"1 2","output":"3"}]', false, 0, 1000, 'Test string', true, 1, false, '[{"input_name":"1.in","input_size":13,"output_name":"1.out","output_size":5,"score":"33","stripped_output_md5":"ccfcd347d0bf65dc77afe01a3306a96b"},{"input_name":"2.in","input_size":3,"output_name":"2.out","output_size":1,"score":"33","stripped_output_md5":"e4da3b7fbbce2345d7772b0674a318d5"},{"input_name":"3.in","input_size":3,"output_name":"3.out","output_size":1,"score":"33","stripped_output_md5":"8f14e45fceea167a5a36dedd4bea2543"}]', 0, '715e8efb-8603-4f58-bc34-4df9b992758c', 'ACM');
INSERT INTO hustoj.problem (id, created_at, updated_at, accept_count, accept_rate, description, difficulty, hint, input_description, output_description, points, problem_code, ram_limit, sampleio, special_judged, submit_count, time_limit, title, visible, author_id, create_in_contest, test_case_score, total_score, test_case_id, rule_type) VALUES (8, '2023-12-10 18:54:15.731686', '2023-12-10 18:54:15.731686', 0, 0, '<p>test</p>', 'LOW', '', '<p>asacasasdasd</p>', '<p>asxsaxasd</p>', null, 'STR02', 256, '[{"input":"abc","output":"cba"}]', false, 0, 1000, 'String', true, 1, false, '[{"input_name":"1.in","input_size":13,"output_name":"1.out","output_size":5,"score":"33","stripped_output_md5":"ccfcd347d0bf65dc77afe01a3306a96b"},{"input_name":"2.in","input_size":3,"output_name":"2.out","output_size":1,"score":"33","stripped_output_md5":"e4da3b7fbbce2345d7772b0674a318d5"},{"input_name":"3.in","input_size":3,"output_name":"3.out","output_size":1,"score":"33","stripped_output_md5":"8f14e45fceea167a5a36dedd4bea2543"}]', 0, '715e8efb-8603-4f58-bc34-4df9b992758c', 'ACM');
INSERT INTO hustoj.problem (id, created_at, updated_at, accept_count, accept_rate, description, difficulty, hint, input_description, output_description, points, problem_code, ram_limit, sampleio, special_judged, submit_count, time_limit, title, visible, author_id, create_in_contest, test_case_score, total_score, test_case_id, rule_type) VALUES (9, '2023-12-10 19:12:26.535082', '2023-12-10 19:12:26.535082', 0, 0, '<p>ascsadc</p>', 'LOW', '', '<p>asdcsdac</p>', '<p>asdcsa</p>', null, 'HUST03', 256, '[{"input":"1 2","output":"3"}]', false, 0, 1000, 'ZXcx', true, 1, false, '[{"input_name":"1.in","input_size":13,"output_name":"1.out","output_size":5,"score":"33","stripped_output_md5":"ccfcd347d0bf65dc77afe01a3306a96b"},{"input_name":"2.in","input_size":3,"output_name":"2.out","output_size":1,"score":"33","stripped_output_md5":"e4da3b7fbbce2345d7772b0674a318d5"},{"input_name":"3.in","input_size":3,"output_name":"3.out","output_size":1,"score":"33","stripped_output_md5":"8f14e45fceea167a5a36dedd4bea2543"}]', 99, '8a326613-e6c5-4956-8037-a9f9df8b47f4', 'OI');
INSERT INTO hustoj.problem (id, created_at, updated_at, accept_count, accept_rate, description, difficulty, hint, input_description, output_description, points, problem_code, ram_limit, sampleio, special_judged, submit_count, time_limit, title, visible, author_id, create_in_contest, test_case_score, total_score, test_case_id, rule_type) VALUES (10, '2023-12-10 22:40:39.326039', '2023-12-11 02:20:19.291788', 0, 0, '<p>test test test test</p>', 'MEDIUM', '', '<p>test test</p>', '<p>test</p>', null, 'HUST04', 256, '[{"input":"1 1 ","output":"2"}]', false, 0, 1000, 'Sum test 1', true, 1, false, '[{"input_name":"1.in","input_size":13,"output_name":"1.out","output_size":5,"score":"40","stripped_output_md5":"ccfcd347d0bf65dc77afe01a3306a96b"},{"input_name":"2.in","input_size":3,"output_name":"2.out","output_size":1,"score":"25","stripped_output_md5":"e4da3b7fbbce2345d7772b0674a318d5"},{"input_name":"3.in","input_size":3,"output_name":"3.out","output_size":1,"score":"25","stripped_output_md5":"8f14e45fceea167a5a36dedd4bea2543"}]', 90, 'a0982216-7e89-4943-af74-cc1997b0e872', 'OI');
INSERT INTO hustoj.problem (id, created_at, updated_at, accept_count, accept_rate, description, difficulty, hint, input_description, output_description, points, problem_code, ram_limit, sampleio, special_judged, submit_count, time_limit, title, visible, author_id, create_in_contest, test_case_score, total_score, test_case_id, rule_type) VALUES (11, '2023-12-11 02:14:43.821472', '2023-12-11 02:14:43.830865', 0, 0, '<p>Find string reverse of 1 string</p>', 'MEDIUM', '', '<p>String</p>', '<p>reverse string</p>', null, 'HC2_02', 256, '[{"input":"abc","output":"cba"},{"input":"asdf","output":"fdsa"}]', false, 0, 1000, 'String reverse ', true, 1, true, '[{"input_name":"1.in","input_size":4,"output_name":"1.out","output_size":4,"score":"33","stripped_output_md5":"9134669f44c1af0532f613b7508283c4"},{"input_name":"2.in","input_size":10,"output_name":"2.out","output_size":10,"score":"33","stripped_output_md5":"e388c1c5df4933fa01f6da9f92595589"},{"input_name":"3.in","input_size":8,"output_name":"3.out","output_size":8,"score":"33","stripped_output_md5":"3fc705e1228d6f479c07e766049ff737"}]', 99, 'e5107a19-da8e-4323-8953-7f2a89419f58', 'OI');
INSERT INTO hustoj.problem (id, created_at, updated_at, accept_count, accept_rate, description, difficulty, hint, input_description, output_description, points, problem_code, ram_limit, sampleio, special_judged, submit_count, time_limit, title, visible, author_id, create_in_contest, test_case_score, total_score, test_case_id, rule_type) VALUES (12, '2023-12-11 14:47:08.233464', '2023-12-19 18:26:48.593769', 0, 0, '<p>test</p>', 'MEDIUM', '', '<p>test</p>', '<p>test</p>', null, 'HUST06', 256, '[{"input":"abc","output":"cba"}]', false, 0, 1000, 'String test', true, 2, false, '[{"input_name":"1.in","input_size":4,"output_name":"1.out","output_size":4,"score":33,"stripped_output_md5":"9134669f44c1af0532f613b7508283c4"},{"input_name":"2.in","input_size":10,"output_name":"2.out","output_size":10,"score":33,"stripped_output_md5":"e388c1c5df4933fa01f6da9f92595589"},{"input_name":"3.in","input_size":8,"output_name":"3.out","output_size":8,"score":33,"stripped_output_md5":"3fc705e1228d6f479c07e766049ff737"}]', 0, '83ed0aee-eacb-497b-ba15-d2487cc2ba9d', 'ACM');
INSERT INTO hustoj.problem (id, created_at, updated_at, accept_count, accept_rate, description, difficulty, hint, input_description, output_description, points, problem_code, ram_limit, sampleio, special_judged, submit_count, time_limit, title, visible, author_id, create_in_contest, test_case_score, total_score, test_case_id, rule_type) VALUES (13, '2023-12-11 22:26:12.819807', '2023-12-12 02:23:16.103650', 0, 0, '<p>test string</p>', 'MEDIUM', '', '<p>test</p>', '<p>test</p>', null, 'HC301', 256, '[{"input":"abc","output":"cba"}]', false, 0, 1000, 'Hust contest 3 problem 1', true, 2, true, '[{"input_name":"1.in","input_size":4,"output_name":"1.out","output_size":4,"score":"33","stripped_output_md5":"9134669f44c1af0532f613b7508283c4"},{"input_name":"2.in","input_size":10,"output_name":"2.out","output_size":10,"score":"33","stripped_output_md5":"e388c1c5df4933fa01f6da9f92595589"},{"input_name":"3.in","input_size":8,"output_name":"3.out","output_size":8,"score":"33","stripped_output_md5":"3fc705e1228d6f479c07e766049ff737"}]', 0, 'a4e7fe79-0571-4720-8693-87e111068cc5', 'ACM');
INSERT INTO hustoj.problem (id, created_at, updated_at, accept_count, accept_rate, description, difficulty, hint, input_description, output_description, points, problem_code, ram_limit, sampleio, special_judged, submit_count, time_limit, title, visible, author_id, create_in_contest, test_case_score, total_score, test_case_id, rule_type) VALUES (19, '2023-12-12 02:02:35.055727', '2023-12-12 02:58:33.535303', 0, 0, '<p>test sum</p>', 'MEDIUM', '', '<p>test</p>', '<p>test</p>', null, 'HUST05', 256, '[{"input":"1 2","output":"3"}]', false, 0, 1000, 'Sum test', true, 2, true, '[{"input_name":"1.in","input_size":13,"output_name":"1.out","output_size":5,"score":"33","stripped_output_md5":"ccfcd347d0bf65dc77afe01a3306a96b"},{"input_name":"2.in","input_size":3,"output_name":"2.out","output_size":1,"score":"33","stripped_output_md5":"e4da3b7fbbce2345d7772b0674a318d5"},{"input_name":"3.in","input_size":3,"output_name":"3.out","output_size":1,"score":"33","stripped_output_md5":"8f14e45fceea167a5a36dedd4bea2543"}]', 0, '222a9fa2-59ab-4e30-b679-620d401b4324', 'ACM');
INSERT INTO hustoj.problem (id, created_at, updated_at, accept_count, accept_rate, description, difficulty, hint, input_description, output_description, points, problem_code, ram_limit, sampleio, special_judged, submit_count, time_limit, title, visible, author_id, create_in_contest, test_case_score, total_score, test_case_id, rule_type) VALUES (20, '2023-12-12 15:36:59.195042', '2023-12-12 15:36:59.195042', 0, 0, '<p>test</p>', 'MEDIUM', '', '<p>test</p>', '<p>test</p>', null, 'HUST05', 256, '[{"input":"abc","output":"cba"}]', false, 0, 1000, 'String test', true, 2, true, '[{"input_name":"1.in","input_size":4,"output_name":"1.out","output_size":4,"score":"33","stripped_output_md5":"9134669f44c1af0532f613b7508283c4"},{"input_name":"2.in","input_size":10,"output_name":"2.out","output_size":10,"score":"33","stripped_output_md5":"e388c1c5df4933fa01f6da9f92595589"},{"input_name":"3.in","input_size":8,"output_name":"3.out","output_size":8,"score":"33","stripped_output_md5":"3fc705e1228d6f479c07e766049ff737"}]', 0, '83ed0aee-eacb-497b-ba15-d2487cc2ba9d', 'ACM');
INSERT INTO hustoj.problem (id, created_at, updated_at, accept_count, accept_rate, description, difficulty, hint, input_description, output_description, points, problem_code, ram_limit, sampleio, special_judged, submit_count, time_limit, title, visible, author_id, create_in_contest, test_case_score, total_score, test_case_id, rule_type) VALUES (21, '2023-12-12 16:00:04.954628', '2023-12-12 16:00:04.954628', 0, 0, '<p>test</p>', 'MEDIUM', '', '<p>test</p>', '<p>test</p>', null, 'HUST05', 256, '[{"input":"abc","output":"cba"}]', false, 0, 1000, 'String test', true, 2, true, '[{"input_name":"1.in","input_size":4,"output_name":"1.out","output_size":4,"score":"33","stripped_output_md5":"9134669f44c1af0532f613b7508283c4"},{"input_name":"2.in","input_size":10,"output_name":"2.out","output_size":10,"score":"33","stripped_output_md5":"e388c1c5df4933fa01f6da9f92595589"},{"input_name":"3.in","input_size":8,"output_name":"3.out","output_size":8,"score":"33","stripped_output_md5":"3fc705e1228d6f479c07e766049ff737"}]', 0, '83ed0aee-eacb-497b-ba15-d2487cc2ba9d', 'ACM');
INSERT INTO hustoj.problem (id, created_at, updated_at, accept_count, accept_rate, description, difficulty, hint, input_description, output_description, points, problem_code, ram_limit, sampleio, special_judged, submit_count, time_limit, title, visible, author_id, create_in_contest, test_case_score, total_score, test_case_id, rule_type) VALUES (22, '2023-12-12 16:03:59.202840', '2023-12-12 16:03:59.202840', 0, 0, '<p>test</p>', 'LOW', '', '<p>asacasasdasd</p>', '<p>asxsaxasd</p>', null, 'STR02', 256, '[{"input":"abc","output":"cba"}]', false, 0, 1000, 'String', true, 1, true, '[{"input_name":"1.in","input_size":13,"output_name":"1.out","output_size":5,"score":"33","stripped_output_md5":"ccfcd347d0bf65dc77afe01a3306a96b"},{"input_name":"2.in","input_size":3,"output_name":"2.out","output_size":1,"score":"33","stripped_output_md5":"e4da3b7fbbce2345d7772b0674a318d5"},{"input_name":"3.in","input_size":3,"output_name":"3.out","output_size":1,"score":"33","stripped_output_md5":"8f14e45fceea167a5a36dedd4bea2543"}]', 0, '715e8efb-8603-4f58-bc34-4df9b992758c', 'ACM');
INSERT INTO hustoj.problem (id, created_at, updated_at, accept_count, accept_rate, description, difficulty, hint, input_description, output_description, points, problem_code, ram_limit, sampleio, special_judged, submit_count, time_limit, title, visible, author_id, create_in_contest, test_case_score, total_score, test_case_id, rule_type) VALUES (23, '2023-12-18 17:45:58.587883', '2023-12-18 17:49:41.791036', 0, 0, '<p>Hãy tính tổng của hai số nguyên và in kết quả. Hãy cẩn thận để không có output không cần thiết, chẳng hạn như "Vui lòng nhập giá trị của a và b: ",<br></p>', 'LOW', '', '<p><span style="color: rgb(200, 195, 188);">Hai số nguyên cách nhau bởi dấu cách</span><br></p>', '<p>Tổng của 2 số</p>', null, 'HUST01', 256, '[{"input":"1 1","output":"2"},{"input":"2 3 ","output":"5"}]', false, 0, 1000, 'Simple A+B Problem', true, 1, true, '[{"input_name":"1.in","input_size":3,"output_name":"1.out","output_size":1,"score":33,"stripped_output_md5":"eccbc87e4b5ce2fe28308fd9f2a7baf3"},{"input_name":"2.in","input_size":3,"output_name":"2.out","output_size":1,"score":33,"stripped_output_md5":"e4da3b7fbbce2345d7772b0674a318d5"},{"input_name":"3.in","input_size":3,"output_name":"3.out","output_size":1,"score":33,"stripped_output_md5":"8f14e45fceea167a5a36dedd4bea2543"}]', 0, '98091d45-dda1-4409-a684-5bdef4bcdc79', 'ACM');
INSERT INTO hustoj.problem (id, created_at, updated_at, accept_count, accept_rate, description, difficulty, hint, input_description, output_description, points, problem_code, ram_limit, sampleio, special_judged, submit_count, time_limit, title, visible, author_id, create_in_contest, test_case_score, total_score, test_case_id, rule_type) VALUES (24, '2023-12-19 21:48:23.903060', '2023-12-19 21:48:23.903060', 0, 0, '<p>test</p>', 'LOW', '', '<p>test</p>', '<p>test</p>', null, 'HUST07', 256, '[{"input":"1 1","output":"2"}]', false, 0, 1000, 'Test create problem', true, 1, false, '[{"input_name":"1.in","input_size":3,"output_name":"1.out","output_size":1,"score":10,"stripped_output_md5":"eccbc87e4b5ce2fe28308fd9f2a7baf3"},{"input_name":"2.in","input_size":3,"output_name":"2.out","output_size":1,"score":40,"stripped_output_md5":"e4da3b7fbbce2345d7772b0674a318d5"},{"input_name":"3.in","input_size":3,"output_name":"3.out","output_size":1,"score":50,"stripped_output_md5":"8f14e45fceea167a5a36dedd4bea2543"}]', 100, '877dd332-892d-426a-9365-004c2a6d4f11', 'OI');
INSERT INTO hustoj.problem (id, created_at, updated_at, accept_count, accept_rate, description, difficulty, hint, input_description, output_description, points, problem_code, ram_limit, sampleio, special_judged, submit_count, time_limit, title, visible, author_id, create_in_contest, test_case_score, total_score, test_case_id, rule_type) VALUES (25, '2023-12-19 22:04:23.789689', '2023-12-19 22:06:06.102526', 0, 0, '<p>test description</p>', 'LOW', '', '<p>input description</p>', '<p>output description</p>', null, 'HC02', 256, '[{"input":"1 1","output":"2"}]', false, 0, 1000, 'test 2', true, 1, true, '[{"input_name":"1.in","input_size":3,"output_name":"1.out","output_size":1,"score":33,"stripped_output_md5":"eccbc87e4b5ce2fe28308fd9f2a7baf3"},{"input_name":"2.in","input_size":3,"output_name":"2.out","output_size":1,"score":33,"stripped_output_md5":"e4da3b7fbbce2345d7772b0674a318d5"},{"input_name":"3.in","input_size":3,"output_name":"3.out","output_size":1,"score":33,"stripped_output_md5":"8f14e45fceea167a5a36dedd4bea2543"}]', 0, '52dfbf59-6509-4964-aee3-195eb6588a58', 'ACM');


